Order,Cross Entropy (bits),Information Gain
0,0.336184,0
1,0.330224,0.005960
2,0.330216,0.005968
3,0.330215,0.005969